<Ui xmlns="http://www.blizzard.com/wow/ui/"
 xmlns:xsi="http://www.w3.org/2001/XMLSchema-instance"
 xsi:schemaLocation="http://www.blizzard.com/wow/ui/ ..\FrameXML\UI.xsd">
   <Script file="ArenaCalculator.lua"/>
   <Frame name="ACalcFrame" frameStrata="HIGH" toplevel="true" enableMouse="true" movable="true" hidden="true" parent="UIParent">
      <Size>
         <AbsDimension x="330" y="180"/>
      </Size>
      <Anchors>
         <Anchor point="CENTER"/>
      </Anchors>
      <Backdrop bgFile="Interface\Tooltips\UI-Tooltip-Background" edgeFile="Interface\Tooltips\UI-Tooltip-Border" tile="true">
         <EdgeSize>
            <AbsValue val="16"/>
         </EdgeSize>
         <TileSize>
            <AbsValue val="16"/>
         </TileSize>
         <BackgroundInsets>
            <AbsInset left="5" right="5" top="5" bottom="5"/>
         </BackgroundInsets>
      </Backdrop>
      <Scripts>
         <OnLoad>
            this:SetBackdropBorderColor(0.2, 0.2, 0.2); this:SetBackdropColor(0.3, 0.3, 0.3);
            this:RegisterForDrag("LeftButton");
            tinsert(UISpecialFrames,"ACalcFrame");
            ACalc_OnLoad();
         </OnLoad>
         <OnEvent>
            ACalc_OnEvent();
         </OnEvent>
         <OnDragStart>
            this:StartMoving();
            this.isMoving = true;
         </OnDragStart>
         <OnDragStop>
            this:StopMovingOrSizing();
            this.isMoving = false;
         </OnDragStop>
      </Scripts>
      <Layers>
      <Layer level="BACKGROUND">
         <FontString inherits="GameFontNormalHuge" name="ACalcFrameTextTop" justifyH="CENTER" text="Arena Calculator v1.6.3">
            <Anchors>
               <Anchor point="TOP" relativePoint="TOP">
                  <Offset>
                     <AbsDimension x="0" y="-5" /> 
                  </Offset>
               </Anchor>
            </Anchors>
            <Size>
               <AbsDimension x="330" y="30" />
            </Size>
         </FontString>
      </Layer>
      </Layers>
      <Frames>
         <Button name="$parentButtonClose" inherits="OptionsButtonTemplate" text="Close">
            <Anchors>
               <Anchor point="BOTTOMRIGHT">
                  <Offset>
                     <AbsDimension x="-12" y="16"/>
                  </Offset>
               </Anchor>
            </Anchors>
            <Scripts>
               <OnClick> ACalc_ShowHide(); </OnClick>
            </Scripts>
         </Button>
         <Button name="$parentButtonOptions" inherits="OptionsButtonTemplate" text="Options">
            <Anchors>
               <Anchor point="BOTTOMLEFT">
                  <Offset>
                     <AbsDimension x="12" y="16"/>
                  </Offset>
               </Anchor>
            </Anchors>
            <Scripts>
               <OnClick> ACalcOpt_ShowHide(); </OnClick>
            </Scripts>
         </Button>
         <Frame name="$parentOptions" hidden="true">
            <Size>
               <AbsDimension x="290" y="280"/>
            </Size>
            <Anchors>
               <Anchor point="TOPLEFT" relativePoint="BOTTOMLEFT">
               </Anchor>
            </Anchors>
            <Backdrop bgFile="Interface\Tooltips\UI-Tooltip-Background" edgeFile="Interface\Tooltips\UI-Tooltip-Border" tile="true">
               <EdgeSize>
                  <AbsValue val="16" /> 
               </EdgeSize>
               <TileSize>
                  <AbsValue val="16" /> 
               </TileSize>
               <BackgroundInsets>
                  <AbsInset left="5" right="5" top="5" bottom="5" /> 
               </BackgroundInsets>
            </Backdrop>
            <Scripts>
               <OnLoad>
                  this:SetBackdropBorderColor(0.2, 0.2, 0.2); this:SetBackdropColor(0.3, 0.3, 0.3);
               </OnLoad>
            </Scripts>
            <Frames>
               <CheckButton name="$parentCheckButton1" inherits="OptionsCheckButtonTemplate" checked="true">
                  <Anchors>
                     <Anchor point="TOPLEFT">
                        <Offset>
	                   <AbsDimension x="20" y="-20"></AbsDimension>
                        </Offset>
                     </Anchor>
                  </Anchors>
                  <Scripts>
                     <OnLoad>
                        getglobal(this:GetName().."Text"):SetText("Show total arena points");
                     </OnLoad>
                     <OnClick>
                        ACalcFrameOptionsCheckButton1_OnClick();
                     </OnClick>
                  </Scripts>
               </CheckButton>
               <CheckButton name="$parentCheckButton2" inherits="OptionsCheckButtonTemplate" checked="true">
                  <Anchors>
                     <Anchor point="TOPLEFT">
                        <Offset>
	                   <AbsDimension x="20" y="-60"></AbsDimension>
                        </Offset>
                     </Anchor>
                  </Anchors>
                  <Scripts>
                     <OnLoad>
                        getglobal(this:GetName().."Text"):SetText("Show teams arena points");
                     </OnLoad>
                     <OnClick>
                        ACalcFrameOptionsCheckButton2_OnClick();
                     </OnClick>
                  </Scripts>
               </CheckButton>
               <CheckButton name="$parentCheckButton3" inherits="OptionsCheckButtonTemplate" checked="true">
                  <Anchors>
                     <Anchor point="TOPLEFT">
                        <Offset>
	                   <AbsDimension x="20" y="-100"></AbsDimension>
                        </Offset>
                     </Anchor>
                  </Anchors>
                  <Scripts>
                     <OnLoad>
                        getglobal(this:GetName().."Text"):SetText("Show Arena Calculator button in PVP frame");
                     </OnLoad>
                     <OnClick>
                        ACalcFrameOptionsCheckButton3_OnClick();
                     </OnClick>
                  </Scripts>
               </CheckButton>
               <CheckButton name="$parentCheckButton4" inherits="OptionsCheckButtonTemplate" checked="false">
                  <Anchors>
                     <Anchor point="TOPLEFT">
                        <Offset>
	                   <AbsDimension x="20" y="-140"></AbsDimension>
                        </Offset>
                     </Anchor>
                  </Anchors>
                  <Scripts>
                     <OnLoad>
                        getglobal(this:GetName().."Text"):SetText("Enable recoloring in PVP frame");
                     </OnLoad>
                     <OnClick>
                        ACalcFrameOptionsCheckButton4_OnClick();
                     </OnClick>
                  </Scripts>
               </CheckButton>
               <CheckButton name="$parentCheckButton5" inherits="OptionsCheckButtonTemplate" checked="false">
                  <Anchors>
                     <Anchor point="TOPLEFT">
                        <Offset>
	                   <AbsDimension x="20" y="-180"></AbsDimension>
                        </Offset>
                     </Anchor>
                  </Anchors>
                  <Scripts>
                     <OnLoad>
                        getglobal(this:GetName().."Text"):SetText("Show total honor points");
                     </OnLoad>
                     <OnClick>
                        ACalcFrameOptionsCheckButton5_OnClick();
                     </OnClick>
                  </Scripts>
               </CheckButton>
               <CheckButton name="$parentCheckButton6" inherits="OptionsCheckButtonTemplate" checked="false">
                  <Size>
                     <AbsDimension x="20" y="20"></AbsDimension>
                  </Size>
                  <Anchors>
                     <Anchor point="TOPLEFT">
                        <Offset>
	                   <AbsDimension x="40" y="-208"></AbsDimension>
                        </Offset>
                     </Anchor>
                  </Anchors>
                  <Scripts>
                     <OnLoad>
                        getglobal(this:GetName().."Text"):SetText("Only if todays honor is above 0");
                     </OnLoad>
                     <OnClick>
                        ACalcFrameOptionsCheckButton6_OnClick();
                     </OnClick>
                  </Scripts>
               </CheckButton>
               <Slider name="$parentSlider1" inherits="OptionsSliderTemplate" defaultValue="1">
                  <Size>
                     <AbsDimension x="120" y="16"/>
                  </Size>
                  <Anchors>
                     <Anchor point="TOPLEFT">
                        <Offset>
                           <AbsDimension x="20" y="-245"/>
                        </Offset>
                     </Anchor>
                  </Anchors>
                  <Scripts>
                     <OnLoad>
                        getglobal(this:GetName().."Text"):SetText("ACalc Frame Scale");
                        getglobal(this:GetName().."High"):SetText("2.0");
                        getglobal(this:GetName().."Low"):SetText("0.3");
                        this:SetMinMaxValues(0.3,2.0);
                        this:SetValueStep(0.1);
                     </OnLoad>
                     <OnMouseUp> ACalcFrameOptionsSlider1_OnClick(); </OnMouseUp>
                  </Scripts>
               </Slider>
               <Button name="$parentButtonDefault" inherits="OptionsButtonTemplate" text="Default">
                  <Anchors>
                     <Anchor point="BOTTOMRIGHT">
                        <Offset>
                           <AbsDimension x="-12" y="16"/>
                        </Offset>
                     </Anchor>
                  </Anchors>
                  <Scripts>
                     <OnClick> ACalcOpt_Default(); </OnClick>
                  </Scripts>
               </Button>
            </Frames>
         </Frame>
         <Frame name="$parentBox1">
            <Size>
               <AbsDimension x="160" y="100"></AbsDimension>
            </Size>
            <Anchors>
               <Anchor point="TOPLEFT">
                  <Offset>
                     <AbsDimension x="5" y="-35"></AbsDimension>
                  </Offset>
               </Anchor>
            </Anchors>
            <Backdrop bgFile="Interface\Tooltips\UI-Tooltip-Background" edgeFile="Interface\Tooltips\UI-Tooltip-Border" tile="true">
               <EdgeSize>
                  <AbsValue val="16" />
               </EdgeSize>
               <TileSize>
                  <AbsValue val="16" />
               </TileSize>
               <BackgroundInsets>
                  <AbsInset left="5" right="5" top="5" bottom="5" />
               </BackgroundInsets>
            </Backdrop>
            <Layers>
               <Layer level="BACKGROUND">
                  <FontString inherits="ChatFontNormal" name="ACalcFrameText1" text="Desired arena rating">
                     <Color r="1.0" g="0.82" b="0" a="1.0"/>
                     <Anchors>
                        <Anchor point="TOPLEFT" relativePoint="TOPLEFT">
                           <Offset>
                              <AbsDimension x="10" y="-10" />
                           </Offset>
                        </Anchor>
                     </Anchors>
                  </FontString>
               </Layer>
            </Layers>
            <Scripts>
               <OnLoad>
                  this:SetBackdropBorderColor(0.4, 0.4, 0.4); this:SetBackdropColor(0.5, 0.5, 0.5);
               </OnLoad>
            </Scripts>
            <Frames>
               <EditBox name="$parentEditBox" letters="4" autofocus="false" inherits="InputBoxTemplate">
                  <Size>
                     <AbsDimension x="40" y="20" />
                  </Size>
                  <Anchors>
                     <Anchor point="TOPLEFT">
                        <Offset>
                           <AbsDimension x="25" y="-50"></AbsDimension>
                        </Offset>
                     </Anchor>
                  </Anchors>
                  <Layers>
                     <Layer level="BACKGROUND">
                        <FontString inherits="ChatFontNormal" name="ACalcFrameTextAnswer1" justifyH="LEFT" text="|cAAFFD1002v2:|n3v3:|n5v5:|r">
                           <Anchors>
                              <Anchor point="LEFT" relativePoint="LEFT">
                                 <Offset>
                                    <AbsDimension x="50" y="0" />
                                 </Offset>
                              </Anchor>
                           </Anchors>
                        </FontString>
                     </Layer>
                  </Layers>
                  <Scripts>
                     <OnLoad>
                     </OnLoad>
                     <OnEnterPressed>
                        ACalc_FrameCalc1(1);
                     </OnEnterPressed>
                     <OnEscapePressed>
                        self:ClearFocus();
                     </OnEscapePressed>
                  </Scripts>
                  <FontString inherits="ChatFontNormal"></FontString>
               </EditBox>
            </Frames>
         </Frame>
         <Frame name="$parentBox2">
            <Size>
               <AbsDimension x="160" y="100"></AbsDimension>
            </Size>
            <Anchors>
               <Anchor point="TOPLEFT">
                  <Offset>
                     <AbsDimension x="165" y="-35"></AbsDimension>
                  </Offset>
               </Anchor>
            </Anchors>
            <Backdrop bgFile="Interface\Tooltips\UI-Tooltip-Background" edgeFile="Interface\Tooltips\UI-Tooltip-Border" tile="true">
               <EdgeSize>
                  <AbsValue val="16" />
               </EdgeSize>
               <TileSize>
                  <AbsValue val="16" />
               </TileSize>
               <BackgroundInsets>
                  <AbsInset left="5" right="5" top="5" bottom="5" />
               </BackgroundInsets>
            </Backdrop>
            <Layers>
               <Layer level="BACKGROUND">
                  <FontString inherits="ChatFontNormal" name="ACalcFrameText2" text="Desired arena points">
                     <Color r="1.0" g="0.82" b="0" a="1.0"/>
                     <Anchors>
                        <Anchor point="TOPLEFT" relativePoint="TOPLEFT">
                           <Offset>
                              <AbsDimension x="10" y="-10" />
                           </Offset>
                        </Anchor>
                     </Anchors>
                  </FontString>
               </Layer>
            </Layers>
            <Scripts>
               <OnLoad>
                  this:SetBackdropBorderColor(0.4, 0.4, 0.4); this:SetBackdropColor(0.5, 0.5, 0.5);
               </OnLoad>
            </Scripts>
            <Frames>
               <EditBox name="$parentEditBox2" letters="4" autofocus="false" inherits="InputBoxTemplate">
                  <Size>
                     <AbsDimension x="40" y="20" />
                  </Size>
                  <Anchors>
                     <Anchor point="TOPLEFT">
                        <Offset>
                           <AbsDimension x="25" y="-50"></AbsDimension>
                        </Offset>
                     </Anchor>
                  </Anchors>
                  <Layers>
                     <Layer level="BACKGROUND">
                        <FontString inherits="ChatFontNormal" name="ACalcFrameTextAnswer2" justifyH="LEFT" text="|cAAFFD1002v2:|n3v3:|n5v5:|r">
                           <Anchors>
                              <Anchor point="LEFT" relativePoint="LEFT">
                                 <Offset>
                                    <AbsDimension x="50" y="0" />
                                 </Offset>
                              </Anchor>
                           </Anchors>
                        </FontString>
                     </Layer>
                  </Layers>
                  <Scripts>
                     <OnLoad></OnLoad>
                     <OnEnterPressed>
                        ACalc_FrameCalc2(1);
                     </OnEnterPressed>
                     <OnEscapePressed>
                        self:ClearFocus();
                     </OnEscapePressed>
                  </Scripts>
                  <FontString inherits="ChatFontNormal"></FontString>
               </EditBox>
            </Frames>
         </Frame>
      </Frames>
   </Frame>
   <Frame name="ACalc_ShowFrame" parent="PVPFrameArena">
      <Size>
         <AbsDimension x="24" y="24"/>
      </Size>
      <Anchors>
         <Anchor point="TOPRIGHT" relativePoint="TOPRIGHT">
            <Offset>
               <AbsDimension x="-72" y="-15" />
            </Offset>
         </Anchor>
      </Anchors>
      <Frames>
         <Button name="$parentButton">
            <Size>
               <AbsDimension x="24" y="24" />
            </Size>
            <Anchors>
               <Anchor point="BOTTOMRIGHT" relativePoint="BOTTOMRIGHT">
                  <Offset>
                     <AbsDimension x="-17" y="17" />
                  </Offset>
               </Anchor>
            </Anchors>
            <Scripts>
               <OnClick>
                  ACalc_ShowHide();
               </OnClick>
            </Scripts>
            <NormalTexture file="Interface\Buttons\UI-SpellbookIcon-NextPage-Up" />
            <PushedTexture file="Interface\Buttons\UI-SpellbookIcon-NextPage-Down" />
            <DisabledTexture file="Interface\Buttons\UI-SpellbookIcon-NextPage-Disabled" />
            <HighlightTexture file="Interface\Buttons\UI-Common-MouseHilight" alphaMode="ADD" />
            <ButtonText justifyH="RIGHT" text="AC">
               <Size>
                  <AbsDimension x="30" y="24" />
               </Size>
               <Anchors>
                  <Anchor point="RIGHT">
                     <Offset>
                        <AbsDimension x="-28" y="0" />
                     </Offset>
                  </Anchor>
               </Anchors>
            </ButtonText>
            <NormalFont inherits="GameFontNormal" />
            <PushedTextOffset>
               <AbsDimension x="0" y="0" />
            </PushedTextOffset>
         </Button>
      </Frames>
   </Frame>
   <Frame name="ACalc_PersonalRating" parent="PVPFrameArena">
      <Size>
         <AbsDimension x="50" y="24" />
      </Size>
      <Anchors>
         <Anchor point="TOPLEFT" relativePoint="TOPLEFT">
            <Offset>
               <AbsDimension x="-110" y="-5" />
            </Offset>
         </Anchor>
      </Anchors>
      <Layers>
         <Layer level="BACKGROUND">
            <FontString inherits="GameFontHighlightSmall" name="$parentLabel" text="Personal:">
               <Color r="1.0" g="1.0" b="1.0" a="1.0"/>
               <Anchors>
                  <Anchor point="TOPLEFT" relativePoint="TOPLEFT">
                     <Offset>
                        <AbsDimension x="0" y="0" />
                     </Offset>
                  </Anchor>
               </Anchors>
            </FontString>
            <FontString inherits="GameFontNormal" name="$parentRating" text="1500">
               <Color r="1.0" g="0.82" b="0" a="1.0"/>
               <Anchors>
                  <Anchor point="TOPLEFT" relativePoint="TOPLEFT">
                     <Offset>
                        <AbsDimension x="50" y="1" />
                     </Offset>
                  </Anchor>
               </Anchors>
            </FontString>
         </Layer>
      </Layers>
   </Frame>
</Ui>